URI,label
aagfhgtpmv.mp4,FAKE
aapnvogymq.mp4,FAKE
abarnvbtwb.mp4,REAL
abofeumbvv.mp4,FAKE
abqwwspghj.mp4,FAKE
acifjvzvpm.mp4,FAKE
acqfdwsrhi.mp4,FAKE
acxnxvbsxk.mp4,FAKE
acxwigylke.mp4,FAKE
aczrgyricp.mp4,FAKE
adhsbajydo.mp4,FAKE
adohikbdaz.mp4,FAKE
adylbeequz.mp4,FAKE
aelfnikyqj.mp4,REAL
aelzhcnwgf.mp4,FAKE
aettqgevhz.mp4,FAKE
aevrfsexku.mp4,FAKE
afoovlsmtx.mp4,REAL
agdkmztvby.mp4,FAKE
agqphdxmwt.mp4,FAKE
agrmhtjdlk.mp4,REAL
ahbweevwpv.mp4,FAKE
ahdbuwqxit.mp4,FAKE
ahfazfbntc.mp4,FAKE
ahqqqilsxt.mp4,REAL
aipfdnwpoo.mp4,FAKE
ajqslcypsw.mp4,REAL
ajwpjhrbcv.mp4,FAKE
aklqzsddfl.mp4,FAKE
aknbdpmgua.mp4,FAKE
aknmpoonls.mp4,FAKE
akvmwkdyuv.mp4,FAKE
akxoopqjqz.mp4,FAKE
akzbnazxtz.mp4,FAKE
aladcziidp.mp4,FAKE
alaijyygdv.mp4,FAKE
alninxcyhg.mp4,FAKE
altziddtxi.mp4,FAKE
alvgwypubw.mp4,FAKE
amaivqofda.mp4,FAKE
amowujxmzc.mp4,FAKE
andaxzscny.mp4,FAKE
aneclqfpbt.mp4,FAKE
anpuvshzoo.mp4,REAL
aorjvbyxhw.mp4,FAKE
apatcsqejh.mp4,FAKE
apgjqzkoma.mp4,FAKE
apogckdfrz.mp4,FAKE
aqpnvjhuzw.mp4,FAKE
arkroixhey.mp4,FAKE
arlmiizoob.mp4,FAKE
arrhsnjqku.mp4,FAKE
asaxgevnnp.mp4,REAL
asdpeebotb.mp4,FAKE
aslsvlvpth.mp4,FAKE
asmpfjfzif.mp4,FAKE
asvcrfdpnq.mp4,FAKE
atkdltyyen.mp4,REAL
atvmxvwyns.mp4,REAL
atxvxouljq.mp4,FAKE
atyntldecu.mp4,FAKE
atzdznmder.mp4,FAKE
aufmsmnoye.mp4,FAKE
augtsuxpzc.mp4,FAKE
avfitoutyn.mp4,FAKE
avgiuextiz.mp4,FAKE
avibnnhwhp.mp4,FAKE
avmjormvsx.mp4,REAL
avnqydkqjj.mp4,FAKE
avssvvsdhz.mp4,FAKE
avtycwsgyb.mp4,FAKE
avvdgsennp.mp4,FAKE
avywawptfc.mp4,FAKE
awhmfnnjih.mp4,FAKE
awnwkrqibf.mp4,FAKE
awukslzjra.mp4,FAKE
axczxisdtb.mp4,FAKE
axntxmycwd.mp4,REAL
axoygtekut.mp4,FAKE
axwgcsyphv.mp4,FAKE
axwovszumc.mp4,FAKE
aybgughjxh.mp4,REAL
aybumesmpk.mp4,REAL
ayqvfdhslr.mp4,FAKE
aytzyidmgs.mp4,REAL
azpuxunqyo.mp4,FAKE
azsmewqghg.mp4,FAKE
bahdpoesir.mp4,FAKE
bbhpvrmbse.mp4,FAKE
bbhtdfuqxq.mp4,FAKE
bbvgxeczei.mp4,FAKE
bchnbulevv.mp4,FAKE
bctvsmddgq.mp4,FAKE
bdbhekrrwo.mp4,FAKE
bddjdhzfze.mp4,REAL
bdgipnyobr.mp4,FAKE
bdnaqemxmr.mp4,REAL
bdxuhamuqx.mp4,FAKE
beboztfcme.mp4,REAL
bejhvclboh.mp4,REAL
benmsfzfaz.mp4,FAKE
beyebyhrph.mp4,REAL
bffwsjxghk.mp4,REAL
bgaogsjehq.mp4,FAKE
bggsurpgpr.mp4,FAKE
bghphrsfxf.mp4,FAKE
bgmlwsoamc.mp4,FAKE
bguwlyazau.mp4,FAKE
bgvhtpzknn.mp4,REAL
bgwmmujlmc.mp4,REAL
bhaaboftbc.mp4,FAKE
bhbdugnurr.mp4,FAKE
bhpwpydzpo.mp4,FAKE
bhsluedavd.mp4,FAKE
bilnggbxgu.mp4,REAL
bjjbwsqjir.mp4,FAKE
bjkmjilrxp.mp4,FAKE
bjsmaqefoi.mp4,FAKE
bkmdzhfzfh.mp4,FAKE
bkvetcojbt.mp4,FAKE
bkwxhglwct.mp4,FAKE
blpchvmhxx.mp4,FAKE
blzydqdfem.mp4,FAKE
bmbbkwmxqj.mp4,FAKE
bmehkyanbj.mp4,FAKE
bmhvktyiwp.mp4,FAKE
bmioepcpsx.mp4,FAKE
bmjmjmbglm.mp4,FAKE
bmjzrlszhi.mp4,REAL
bnbuonyoje.mp4,FAKE
bndybcqhfr.mp4,FAKE
bnjcdrfuov.mp4,FAKE
bntlodcfeg.mp4,FAKE
bofqajtwve.mp4,FAKE
boovltmuwi.mp4,FAKE
bopqhhalml.mp4,FAKE
bourlmzsio.mp4,FAKE
bpapbctoao.mp4,REAL
bpwzipqtxf.mp4,FAKE
bpxckdzddv.mp4,FAKE
bqdjzqhcft.mp4,FAKE
bqeiblbxtl.mp4,FAKE
bqhtpqmmqp.mp4,FAKE
bqkdbcqjvb.mp4,FAKE
bqnymlsayl.mp4,FAKE
bqqpbzjgup.mp4,FAKE
bqtuuwzdtr.mp4,FAKE
brhalypwoo.mp4,FAKE
brvqtabyxj.mp4,FAKE
brwrlczjvi.mp4,REAL
bseamdrpbj.mp4,FAKE
bsfmwclnqy.mp4,FAKE
bsqgziaylx.mp4,FAKE
btiysiskpf.mp4,FAKE
btjlfpzbdu.mp4,FAKE
btjwbtsgln.mp4,FAKE
btmsngnqhv.mp4,FAKE
btohlidmru.mp4,FAKE
btugrnoton.mp4,FAKE
btunxncpjh.mp4,FAKE
btxlttbpkj.mp4,FAKE
bulkxhhknf.mp4,REAL
bvgwelbeof.mp4,FAKE
bvzjkezkms.mp4,FAKE
bweezhfpzp.mp4,FAKE
bwhlgysghg.mp4,REAL
bwipwzzxxu.mp4,REAL
bwuwstvsbw.mp4,FAKE
bxzakyopjf.mp4,REAL
bydaidkpdp.mp4,FAKE
byfenovjnf.mp4,FAKE
byijojkdba.mp4,FAKE
byofowlkki.mp4,FAKE
byqzyxifza.mp4,FAKE
byunigvnay.mp4,FAKE
byyqectxqa.mp4,FAKE
bzmdrafeex.mp4,FAKE
bzythlfnhq.mp4,REAL
caifxvsozs.mp4,REAL
caqbrkogkb.mp4,FAKE
cbbibzcoih.mp4,FAKE
cbltdtxglo.mp4,FAKE
ccfoszqabv.mp4,REAL
ccmonzqfrz.mp4,FAKE
cdaxixbosp.mp4,FAKE
cdbsbdymzd.mp4,FAKE
cdphtzqrvp.mp4,FAKE
cdyakrxkia.mp4,FAKE
cepxysienc.mp4,FAKE
cettndmvzl.mp4,FAKE
ceymbecxnj.mp4,FAKE
cferslmfwh.mp4,FAKE
cffffbcywc.mp4,FAKE
cfxkpiweqt.mp4,REAL
cfyduhpbps.mp4,FAKE
cglxirfaey.mp4,FAKE
cgvrgibpfo.mp4,FAKE
chtapglbcj.mp4,REAL
chviwxsfhg.mp4,REAL
chzieimrwu.mp4,FAKE
ciyoudyhly.mp4,REAL
cizlkenljw.mp4,REAL
ckbdwedgmc.mp4,FAKE
ckjaibzfxa.mp4,REAL
ckkuyewywx.mp4,REAL
cknyxaqouy.mp4,FAKE
cksanfsjhc.mp4,FAKE
clihsshdkq.mp4,FAKE
clrycekyst.mp4,REAL
cmbzllswnl.mp4,REAL
cmxcfkrjiv.mp4,FAKE
cnilkgvfei.mp4,FAKE
coadfnerlk.mp4,FAKE
cobjrlugvp.mp4,REAL
covdcysmbi.mp4,FAKE
cpjxareypw.mp4,REAL
cppdvdejkc.mp4,REAL
cprhtltsjp.mp4,REAL
cqfugiqupm.mp4,FAKE
cqhngvpgyi.mp4,FAKE
cqrskwiqng.mp4,FAKE
crezycjqyk.mp4,REAL
crktehraph.mp4,FAKE
crzfebnfgb.mp4,FAKE
cthdnahrkh.mp4,FAKE
ctpqeykqdp.mp4,FAKE
cttqtsjvgn.mp4,FAKE
ctzmavwror.mp4,FAKE
curpwogllm.mp4,FAKE
cuzrgrbvil.mp4,FAKE
cvaksbpssm.mp4,FAKE
cwbacdwrzo.mp4,FAKE
cwqlvzefpg.mp4,FAKE
cwrtyzndpx.mp4,FAKE
cwsbspfzck.mp4,FAKE
cwwandrkus.mp4,FAKE
cxfujlvsuw.mp4,FAKE
cxrfacemmq.mp4,FAKE
cxttmymlbn.mp4,FAKE
cyboodqqyr.mp4,FAKE
cycacemkmt.mp4,FAKE
cyclgfjdrv.mp4,FAKE
cyxlcuyznd.mp4,REAL
czfunozvwp.mp4,FAKE
czkdanyadc.mp4,FAKE
czmqpxrqoh.mp4,FAKE
dafhtipaml.mp4,FAKE
dakiztgtnw.mp4,REAL
dakqwktlbi.mp4,FAKE
dbhoxkblzx.mp4,FAKE
dbhrpizyeq.mp4,FAKE
dbnygxtwek.mp4,REAL
dboxtiehng.mp4,FAKE
dbtbbhakdv.mp4,REAL
dbzcqmxzaj.mp4,FAKE
dbzpcjntve.mp4,FAKE
dcamvmuors.mp4,FAKE
dcuiiorugd.mp4,FAKE
ddepeddixj.mp4,REAL
ddhfabwpuz.mp4,FAKE
ddjggcasdw.mp4,FAKE
ddpvuimigj.mp4,FAKE
ddqccgmtka.mp4,FAKE
degpbqvcay.mp4,FAKE
deywhkarol.mp4,FAKE
deyyistcrd.mp4,FAKE
dfbpceeaox.mp4,FAKE
dgmevclvzy.mp4,FAKE
dgxrqjdomn.mp4,FAKE
dgzklxjmix.mp4,FAKE
dhcndnuwta.mp4,REAL
dhcselezer.mp4,FAKE
dhevettufk.mp4,FAKE
dhjmzhrcav.mp4,FAKE
dhkwmjxwrn.mp4,FAKE
dhoqofwoxa.mp4,FAKE
dhxctgyoqj.mp4,REAL
diomeixhrg.mp4,FAKE
diopzaywor.mp4,FAKE
diqraixiov.mp4,FAKE
diuzrpqjli.mp4,FAKE
djvtbgwdcc.mp4,FAKE
djvutyvaio.mp4,FAKE
djxdyjopjd.mp4,REAL
dkdwxmtpuo.mp4,FAKE
dkhlttuvmx.mp4,FAKE
dkrvorliqc.mp4,FAKE
dkuayagnmc.mp4,REAL
dkwjwbwgey.mp4,FAKE
dkzvdrzcnr.mp4,REAL
dlpoieqvfb.mp4,REAL
dlrsbscitn.mp4,FAKE
dnexlwbcxq.mp4,FAKE
dnhvalzvrt.mp4,FAKE
dntkzzzcdh.mp4,FAKE
dnyvfblxpm.mp4,FAKE
doanjploai.mp4,FAKE
dofusvhnib.mp4,FAKE
dozyddhild.mp4,FAKE
dptbnjnkdg.mp4,FAKE
dptrzdvwpg.mp4,FAKE
dqnyszdong.mp4,FAKE
dqppxmoqdl.mp4,FAKE
dqqtjcryjv.mp4,FAKE
dqswpjoepo.mp4,FAKE
dqzreruvje.mp4,FAKE
drcyabprvt.mp4,REAL
drgjzlxzxj.mp4,FAKE
drsakwyvqv.mp4,FAKE
drtbksnpol.mp4,FAKE
dsdoseflas.mp4,FAKE
dsgpbgsrdm.mp4,FAKE
dsjbknkujw.mp4,REAL
dsndhujjjb.mp4,FAKE
dtbpmdqvao.mp4,FAKE
dtocdfbwca.mp4,FAKE
dubiroskqn.mp4,FAKE
dulanfulol.mp4,FAKE
duvyaxbzvp.mp4,FAKE
duycddgtrl.mp4,REAL
duzuusuajr.mp4,FAKE
dvakowbgbt.mp4,FAKE
dvumqqhoac.mp4,FAKE
dwediigjit.mp4,FAKE
dxbqjxrhin.mp4,REAL
dxuliowugt.mp4,FAKE
dxuplhwvig.mp4,FAKE
dzieklokdr.mp4,FAKE
dzqwgqewhu.mp4,FAKE
dzvyfiarrq.mp4,FAKE
dzwkmcwkwl.mp4,FAKE
dzyuwjkjui.mp4,REAL
eahlqmfvtj.mp4,FAKE
eajlrktemq.mp4,FAKE
ebchwmwayp.mp4,FAKE
ebebgmtlcu.mp4,FAKE
ebeknhudxq.mp4,FAKE
ebkzwjgjhq.mp4,FAKE
ebywfrmhtd.mp4,FAKE
eckvhdusax.mp4,REAL
ecnihjlfyt.mp4,FAKE
ecujsjhscd.mp4,REAL
ecuvtoltue.mp4,FAKE
ecwaxgutkc.mp4,FAKE
eczrseixwq.mp4,FAKE
edyncaijwx.mp4,REAL
eebrkicpry.mp4,FAKE
eebserckhh.mp4,FAKE
eejswgycjc.mp4,FAKE
eekozbeafq.mp4,FAKE
eepezmygaq.mp4,FAKE
eeyhxisdfh.mp4,FAKE
efdyrflcpg.mp4,FAKE
efwfxwwlbw.mp4,REAL
egbbcxcuqy.mp4,FAKE
eggbjzxnmg.mp4,REAL
egghxjjmfg.mp4,REAL
ehbnclaukr.mp4,FAKE
ehccixxzoe.mp4,REAL
ehdkmxgtxh.mp4,FAKE
ehevsxtecd.mp4,FAKE
ehfiekigla.mp4,FAKE
ehieahnhte.mp4,FAKE
ehtdtkmmli.mp4,REAL
eiriyukqqy.mp4,FAKE
eivxffliio.mp4,FAKE
eiwopxzjfn.mp4,FAKE
eixwxvxbbn.mp4,FAKE
ejkqesyvam.mp4,FAKE
ekcrtigpab.mp4,REAL
ekhacizpah.mp4,FAKE
ekkdjkirzq.mp4,FAKE
elginszwtk.mp4,FAKE
ellavthztb.mp4,REAL
elvvackpjh.mp4,FAKE
emaalmsonj.mp4,FAKE
emfbhytfhc.mp4,FAKE
emgjphonqb.mp4,FAKE
ensyyivobf.mp4,FAKE
eoewqcpbgt.mp4,FAKE
eprybmbpba.mp4,FAKE
epymyyiblu.mp4,FAKE
eqjscdagiv.mp4,FAKE
eqnoqyfquo.mp4,REAL
eqvuznuwsa.mp4,FAKE
erlvuvjsjf.mp4,REAL
erqgqacbqe.mp4,FAKE
errocgcham.mp4,FAKE
esckbnkkvb.mp4,FAKE
esgftaficx.mp4,FAKE
esnntzzajv.mp4,FAKE
esxrvsgpvb.mp4,FAKE
esyhwdfnxs.mp4,FAKE
esyrimvzsa.mp4,FAKE
etdcqxabww.mp4,FAKE
etejaapnxh.mp4,FAKE
etmcruaihe.mp4,FAKE
etohcvnzbj.mp4,FAKE
eudeqjhdfd.mp4,REAL
eukvucdetx.mp4,FAKE
aamjfukxwp.mp4,REAL
aeolxtsnfc.mp4,REAL
ahanoygyei.mp4,REAL
ahpnrwwibe.mp4,REAL
alrhucxcnv.mp4,REAL
alypwytrnl.mp4,REAL
andnipfbgy.mp4,REAL
annsmfhdgk.mp4,REAL
anzenqcwqo.mp4,REAL
apansjedym.mp4,REAL
arwiyweadv.mp4,REAL
atuzsraaul.mp4,REAL
avttogwbyz.mp4,REAL
azhgwqmtmy.mp4,REAL
azmheosoed.mp4,REAL
bcgjlsupne.mp4,REAL
bevjclbhuo.mp4,REAL
bfcejaynie.mp4,REAL
bhqcqwcise.mp4,REAL
bivzhsmrqo.mp4,REAL
bjhftvzdoz.mp4,REAL
bjszzfmchp.mp4,REAL
blmuzhjygg.mp4,REAL
bmtbxkjkjq.mp4,REAL
bnsxuqhoei.mp4,REAL
booejmgaqh.mp4,REAL
bpxxmxuvuy.mp4,REAL
bpyjsrjcro.mp4,REAL
bswcgixolx.mp4,REAL
bszswtwrra.mp4,REAL
bunqneptba.mp4,REAL
buopqdpctq.mp4,REAL
buywrbgfqy.mp4,REAL
bvflkesiug.mp4,REAL
bxsdnqizii.mp4,REAL
cboztpdgxt.mp4,REAL
cbqdpfnktj.mp4,REAL
cfqmnjcuwa.mp4,REAL
chzbutmizx.mp4,REAL
cnvquynriz.mp4,REAL
cpjiflbqbo.mp4,REAL
cqpjedhvoz.mp4,REAL
crhkipauyk.mp4,REAL
cslfapvyjv.mp4,REAL
cteqlloxwu.mp4,REAL
ctpypmzfnl.mp4,REAL
cvbubcwkkl.mp4,REAL
cywebjaezn.mp4,REAL
czygbspvwr.mp4,REAL
darxqfiash.mp4,REAL
dbjeddgjgs.mp4,REAL
dcpmipuapc.mp4,REAL
dduarbnfwc.mp4,REAL
deslnszgpy.mp4,REAL
dgzajzyzum.mp4,REAL
dlmfukhdrj.mp4,REAL
dmqwuutqun.mp4,REAL
drnwsctnuh.mp4,REAL
dscprfjses.mp4,REAL
dunalebmpa.mp4,REAL
dusbhhockt.mp4,REAL
dvclvkchod.mp4,REAL
dvieslcdff.mp4,REAL
dwmsebyypl.mp4,REAL
eboqtnoxkv.mp4,REAL
ebuejzauxq.mp4,REAL
edvyiiycqu.mp4,REAL
eetigtaciw.mp4,REAL
efstpwwzpb.mp4,REAL
ehfrnagsqf.mp4,REAL
eiyjrjgvih.mp4,REAL
ekblnquxhq.mp4,REAL
eliazncrwl.mp4,REAL
elsvnmrlue.mp4,REAL
emgciwmtuj.mp4,REAL
emrhtomwpy.mp4,REAL
epgfqrvwlr.mp4,REAL
espkkzobwi.mp4,REAL
etuhfvfswk.mp4,REAL
evkmmqbdgq.mp4,REAL
ewxddjqzml.mp4,REAL
ezgusylcyf.mp4,REAL
eztwadaxde.mp4,REAL
fakfkpzenm.mp4,REAL
fbcoqrklhy.mp4,REAL
fgkpembbpv.mp4,REAL
fgmbxfqoze.mp4,REAL
fiiwmeedpe.mp4,REAL
fkseutlgmb.mp4,REAL
flfzlkjocf.mp4,REAL
fmemykshyq.mp4,REAL
fmqihbcfhs.mp4,REAL
fscyfygpyk.mp4,REAL
fvpbfxcigp.mp4,REAL
fvuzptqoba.mp4,REAL
fxeqexfnbm.mp4,REAL
fxxpxoqoxp.mp4,REAL
gbnqiddbus.mp4,REAL
gctyynjruz.mp4,REAL
gdfwwoeyke.mp4,REAL
gdygzrpynl.mp4,REAL
ggpuxwhpri.mp4,REAL
ggtwbjkxic.mp4,REAL
gheozjcomi.mp4,REAL
glshmsgdyw.mp4,REAL
gocrdvihos.mp4,REAL
golysrbdyn.mp4,REAL
gpgubeivem.mp4,REAL
gpxtwpeski.mp4,REAL
gwvdqrkuux.mp4,REAL
gwxtrqsaew.mp4,REAL
gzabjmglim.mp4,REAL
hddminxrhw.mp4,REAL
hecxxkaprp.mp4,REAL
hfcxlucrbj.mp4,REAL
hiixalzbpk.mp4,REAL
hinogxnrhx.mp4,REAL
hkvfyeacje.mp4,REAL
hmjzgvkbky.mp4,REAL
hpvpqejzle.mp4,REAL
hqgervpkkf.mp4,REAL
hqgndlnyvu.mp4,REAL
hqxlyxhjin.mp4,REAL
hrmqefifhs.mp4,REAL
hroqcpapmy.mp4,REAL
htqhzfwsmb.mp4,REAL
hxfqltenqh.mp4,REAL
hyylxcyelg.mp4,REAL
iarkkhmyta.mp4,REAL
iarowhjwvl.mp4,REAL
ibkcnqqixc.mp4,REAL
igydssgspa.mp4,REAL
ihjtihwars.mp4,REAL
ihnjwwvpbz.mp4,REAL
iidsevbnrs.mp4,REAL
ijjxgqmbfv.mp4,REAL
ikebomnsiq.mp4,REAL
ilijyjnnde.mp4,REAL
ilzhgraxpl.mp4,REAL
imtqhldxwh.mp4,REAL
inmqhfujch.mp4,REAL
inzgulrorj.mp4,REAL
inztcghfvo.mp4,REAL
iondvzqjbe.mp4,REAL
ioujtlguyo.mp4,REAL
irjbukzjqt.mp4,REAL
ixqaiwtldi.mp4,REAL
iyfdxpvkgk.mp4,REAL
izzizxvfaw.mp4,REAL
javtxnogey.mp4,REAL
jbaahohsns.mp4,REAL
jcbbrqaaaq.mp4,REAL
jduhzatmnf.mp4,REAL
jeclduagbh.mp4,REAL
jevtocgbcd.mp4,REAL
jidkzoagws.mp4,REAL
jiyaskebfc.mp4,REAL
jizpiknqaf.mp4,REAL
jkadnvoqhk.mp4,REAL
jlbcbzbacz.mp4,REAL
jlxnzxtopm.mp4,REAL
jmzkawfzqt.mp4,REAL
jniytngcmy.mp4,REAL
jqxfscpibb.mp4,REAL
jrdaowgknr.mp4,REAL
jtxwpqhbyy.mp4,REAL
jvmdzcrakg.mp4,REAL
jwgfhyetvy.mp4,REAL
jwieuusxut.mp4,REAL
jwrypvpvpx.mp4,REAL
jxpodcendq.mp4,REAL
jzupyirlgk.mp4,REAL
kbdwudhhwf.mp4,REAL
kbodjivgqu.mp4,REAL
kdjsvneqgy.mp4,REAL
kegebtrzqi.mp4,REAL
kfhfeqpdwp.mp4,REAL
kfihjlyzlv.mp4,REAL
kfntzsnaeu.mp4,REAL
kgamulnbhn.mp4,REAL
kgyowtaqzn.mp4,REAL
khkvfgtevg.mp4,REAL
kjkipmknsr.mp4,REAL
klifbclerd.mp4,REAL
kngzdgpmbc.mp4,REAL
korrsqtkke.mp4,REAL
kpimyiwuhd.mp4,REAL
kshlyriwdh.mp4,REAL
kvcxwgyiwm.mp4,REAL
kvhbyuklfv.mp4,REAL
kwqjbgikku.mp4,REAL
kxqnvgrxqu.mp4,REAL
ljcjouvznz.mp4,REAL
ljkojsckvg.mp4,REAL
lkqjedijjt.mp4,REAL
lkvouattut.mp4,REAL
lmccjyztbs.mp4,REAL
lorurfbryy.mp4,REAL
lovaqzesxn.mp4,REAL
luyervyqfj.mp4,REAL
lynaeydofd.mp4,REAL
mbpbbekqks.mp4,REAL
mdwtpvlbrz.mp4,REAL
mepquopvko.mp4,REAL
mfcfhhxzif.mp4,REAL
mhrayxalse.mp4,REAL
mkdvewbfie.mp4,REAL
mkxmvreoth.mp4,REAL
mliynshaib.mp4,REAL
mmffoscwcq.mp4,REAL
mmhdcoqsve.mp4,REAL
mmvggsnizy.mp4,REAL
moguawjrgf.mp4,REAL
moyljhcxok.mp4,REAL
muihshunds.mp4,REAL
mzurunkulx.mp4,REAL
ncvmthnfmq.mp4,REAL
ncvttqmssc.mp4,REAL
nefdyhzqtb.mp4,REAL
nepiitaaql.mp4,REAL
nfjfylwjvj.mp4,REAL
nfstajzaot.mp4,REAL
nggrodpfsn.mp4,REAL
nglohvjfku.mp4,REAL
nhyeoieamo.mp4,REAL
nigytcchgw.mp4,REAL
njyowkvohi.mp4,REAL
nlcqykqsdp.mp4,REAL
nmjesbwiux.mp4,REAL
nmjlqtwyta.mp4,REAL
norbabdxvt.mp4,REAL
npsnpdjcux.mp4,REAL
nqctdktbtb.mp4,REAL
nqqomjbdyl.mp4,REAL
nqtnlgswmi.mp4,REAL
nrhgbhqixu.mp4,REAL
nsozqvhalr.mp4,REAL
nuayllevfl.mp4,REAL
nxobpksauw.mp4,REAL
nzwqstlacm.mp4,REAL
oaetdjquxr.mp4,REAL
obutchbzkp.mp4,REAL
ocsrqixtjk.mp4,REAL
ofntcunuqn.mp4,REAL
okgoflrwph.mp4,REAL
oklqybrmhv.mp4,REAL
